Название,Специальность
ИЛБО-85-20,Графический дизайн и мультимедиа
ИЛБО-03-22,Интернет вещей (IoT) и умные технологии
ИЛБО-05-21,Аналитика данных в бизнесе и финансах
ИВБО-47-21,Разработка робототехнических систем и искусственный интеллект
ИМБО-80-20,Разработка игр и виртуальной реальности
ИКБО-28-23,Безопасность информационных систем и киберзащита
ИНБО-49-22,Безопасность информационных систем и киберзащита
ИКБО-07-23,Программирование и разработка на языке Java
ИМБО-76-22,Анализ данных и машинное обучение
ИЛБО-96-20,Анализ данных и машинное обучение
ИКБО-47-22,Блокчейн и криптовалюты: технологии и применения
ИВБО-91-20,Цифровая трансформация и стратегии бизнеса
ИЭБО-01-20,Веб-разработка и интерфейсный дизайн
ИКБО-53-20,Сетевые технологии и администрирование сетей
ИЭБО-46-23,Разработка игр и виртуальной реальности
ИНБО-50-22,Разработка приложений для здравоохранения и медицины
ИЭБО-45-21,Разработка мобильных приложений и IoT
ИВБО-71-20,Автоматизация тестирования и DevOps
ИНБО-15-23,Разработка робототехнических систем и искусственный интеллект
ИВБО-40-21,Анализ больших данных и облачные вычисления
ИМБО-67-22,Разработка мобильных приложений и IoT
ИКБО-47-21,Разработка робототехнических систем и искусственный интеллект
ИЭБО-35-22,Графический дизайн и мультимедиа
ИВБО-14-21,Базы данных и архитектура информационных систем
ИНБО-13-22,Автоматизация тестирования и DevOps
ИЛБО-82-22,Сетевые технологии и администрирование сетей
ИЭБО-02-22,Автоматизация тестирования и DevOps
ИЛБО-89-20,Разработка робототехнических систем и искусственный интеллект
ИВБО-93-20,Информационные технологии и разработка программного обеспечения
ИВБО-63-23,Графический дизайн и мультимедиа
ИКБО-79-23,Веб-разработка и интерфейсный дизайн
ИМБО-61-20,Автоматизация тестирования и DevOps
ИЛБО-87-23,Анализ больших данных и облачные вычисления
ИКБО-99-20,Анализ данных и машинное обучение
ИМБО-82-20,Блокчейн и криптовалюты: технологии и применения
ИНБО-16-23,Программирование и разработка на языке Java
ИМБО-22-21,Анализ больших данных и облачные вычисления
ИЭБО-25-21,Безопасность информационных систем и киберзащита
ИЛБО-33-21,Аналитика данных в бизнесе и финансах
ИЛБО-37-20,Графический дизайн и мультимедиа
ИВБО-19-20,Электронная коммерция и цифровой маркетинг
ИКБО-40-20,Разработка приложений для здравоохранения и медицины
ИМБО-77-22,Интернет вещей (IoT) и умные технологии
ИЛБО-57-20,Базы данных и архитектура информационных систем
ИМБО-33-22,Разработка робототехнических систем и искусственный интеллект
ИКБО-90-23,Разработка мобильных приложений и IoT
ИКБО-43-21,Киберфизические системы и автоматизация процессов
ИКБО-83-21,Цифровая трансформация и стратегии бизнеса
ИМБО-15-23,Разработка приложений для здравоохранения и медицины
ИКБО-27-23,Электронная коммерция и цифровой маркетинг
ИКБО-60-23,Веб-разработка и интерфейсный дизайн
ИНБО-48-20,Блокчейн и криптовалюты: технологии и применения
ИНБО-74-23,Электронная коммерция и цифровой маркетинг
ИЛБО-23-23,Сетевые технологии и администрирование сетей
ИКБО-24-22,Автоматизация тестирования и DevOps
ИНБО-50-20,Электронная коммерция и цифровой маркетинг
ИКБО-63-23,Разработка игр и виртуальной реальности
ИМБО-54-20,Базы данных и архитектура информационных систем
ИВБО-33-20,Цифровая трансформация и стратегии бизнеса
ИНБО-03-20,Интернет вещей (IoT) и умные технологии
ИВБО-07-20,Разработка приложений для здравоохранения и медицины
ИКБО-73-21,Информационные технологии и разработка программного обеспечения
ИЭБО-39-22,Разработка мобильных приложений и IoT
ИЛБО-43-21,Электронная коммерция и цифровой маркетинг
ИМБО-65-21,Разработка приложений для здравоохранения и медицины
ИНБО-56-23,Безопасность информационных систем и киберзащита
ИВБО-40-22,Электронная коммерция и цифровой маркетинг
ИВБО-89-20,Анализ данных и машинное обучение
ИКБО-70-21,Базы данных и архитектура информационных систем
ИЭБО-68-23,Цифровая трансформация и стратегии бизнеса
ИЭБО-47-21,Интернет вещей (IoT) и умные технологии
ИЛБО-99-20,Базы данных и архитектура информационных систем
ИНБО-73-22,Разработка приложений для здравоохранения и медицины
ИВБО-77-23,Безопасность информационных систем и киберзащита
ИКБО-46-20,Безопасность информационных систем и киберзащита
ИМБО-27-22,Сетевые технологии и администрирование сетей
ИМБО-22-20,Киберфизические системы и автоматизация процессов
ИЭБО-98-22,Разработка игр и виртуальной реальности
ИВБО-72-22,Информационные технологии и разработка программного обеспечения
ИКБО-38-20,Веб-разработка и интерфейсный дизайн
ИЭБО-62-22,Программирование и разработка на языке Java
ИВБО-80-21,Разработка приложений для здравоохранения и медицины
ИЛБО-17-20,Базы данных и архитектура информационных систем
ИКБО-69-23,Анализ больших данных и облачные вычисления
ИМБО-26-22,Разработка приложений для здравоохранения и медицины
ИНБО-23-20,Аналитика данных в бизнесе и финансах
ИКБО-93-20,Анализ данных и машинное обучение
ИНБО-07-21,Безопасность информационных систем и киберзащита
ИМБО-25-20,Информационные технологии и разработка программного обеспечения
ИЛБО-96-23,Разработка мобильных приложений и IoT
ИВБО-01-21,Сетевые технологии и администрирование сетей
ИЛБО-55-21,Цифровая трансформация и стратегии бизнеса
ИЛБО-07-21,Автоматизация тестирования и DevOps
ИМБО-02-23,Графический дизайн и мультимедиа
ИНБО-77-23,Разработка приложений для здравоохранения и медицины
ИКБО-39-22,Разработка игр и виртуальной реальности
ИВБО-65-23,Информационные технологии и разработка программного обеспечения
ИВБО-11-23,Аналитика данных в бизнесе и финансах
ИМБО-93-21,Киберфизические системы и автоматизация процессов
ИНБО-11-21,Программирование и разработка на языке Java
ИКБО-75-20,Сетевые технологии и администрирование сетей
ИНБО-57-23,Информационные технологии и разработка программного обеспечения
ИКБО-12-22,Анализ данных и машинное обучение
ИНБО-57-20,Графический дизайн и мультимедиа
ИВБО-25-20,Разработка приложений для здравоохранения и медицины
ИЛБО-55-23,Цифровая трансформация и стратегии бизнеса
ИЭБО-53-21,Разработка приложений для здравоохранения и медицины
ИКБО-70-20,Электронная коммерция и цифровой маркетинг
ИЛБО-98-22,Блокчейн и криптовалюты: технологии и применения
ИКБО-48-21,Программирование и разработка на языке Java
ИВБО-93-23,Разработка мобильных приложений и IoT
ИКБО-23-22,Разработка мобильных приложений и IoT
ИМБО-28-21,Программирование и разработка на языке Java
ИКБО-49-20,Аналитика данных в бизнесе и финансах
ИЛБО-74-21,Автоматизация тестирования и DevOps
ИНБО-83-20,Сетевые технологии и администрирование сетей
ИМБО-98-23,Цифровая трансформация и стратегии бизнеса
ИКБО-65-22,Программирование и разработка на языке Java
ИВБО-10-22,Автоматизация тестирования и DevOps
ИМБО-91-23,Анализ данных и машинное обучение
ИНБО-03-23,Киберфизические системы и автоматизация процессов
ИМБО-27-23,Веб-разработка и интерфейсный дизайн
ИКБО-12-20,Программирование и разработка на языке Java
ИЛБО-89-23,Безопасность информационных систем и киберзащита
ИЭБО-79-21,Сетевые технологии и администрирование сетей
ИЭБО-40-22,Автоматизация тестирования и DevOps
ИКБО-60-22,Разработка игр и виртуальной реальности
ИВБО-07-23,Разработка мобильных приложений и IoT
ИЛБО-86-21,Базы данных и архитектура информационных систем
ИМБО-97-21,Разработка игр и виртуальной реальности
ИЭБО-16-23,Блокчейн и криптовалюты: технологии и применения
ИНБО-87-21,Аналитика данных в бизнесе и финансах
ИНБО-82-23,Сетевые технологии и администрирование сетей
ИВБО-33-22,Цифровая трансформация и стратегии бизнеса
ИНБО-69-20,Базы данных и архитектура информационных систем
ИВБО-61-21,Разработка мобильных приложений и IoT
ИЭБО-95-22,Анализ данных и машинное обучение
ИКБО-83-22,Интернет вещей (IoT) и умные технологии
ИВБО-60-23,Программирование и разработка на языке Java
ИВБО-59-23,Блокчейн и криптовалюты: технологии и применения
ИНБО-99-23,Анализ данных и машинное обучение
ИЭБО-02-21,Цифровая трансформация и стратегии бизнеса
ИЭБО-93-20,Графический дизайн и мультимедиа
ИВБО-87-21,Разработка мобильных приложений и IoT
ИЭБО-25-23,Электронная коммерция и цифровой маркетинг
ИЭБО-35-21,Блокчейн и криптовалюты: технологии и применения
ИМБО-40-21,Интернет вещей (IoT) и умные технологии
ИВБО-03-23,Цифровая трансформация и стратегии бизнеса
ИМБО-38-20,Электронная коммерция и цифровой маркетинг
ИЛБО-92-23,Безопасность информационных систем и киберзащита
ИКБО-07-22,Разработка робототехнических систем и искусственный интеллект
ИЛБО-82-23,Сетевые технологии и администрирование сетей
ИВБО-99-20,Электронная коммерция и цифровой маркетинг
ИЛБО-30-22,Безопасность информационных систем и киберзащита
ИКБО-24-23,Веб-разработка и интерфейсный дизайн
ИНБО-91-23,Разработка приложений для здравоохранения и медицины
ИЭБО-55-20,Графический дизайн и мультимедиа
ИВБО-74-22,Анализ больших данных и облачные вычисления
ИЭБО-74-22,Анализ данных и машинное обучение
ИМБО-68-23,Базы данных и архитектура информационных систем
ИЛБО-49-21,Анализ данных и машинное обучение
ИНБО-78-23,Киберфизические системы и автоматизация процессов
ИКБО-22-20,Автоматизация тестирования и DevOps
ИЛБО-35-21,Киберфизические системы и автоматизация процессов
ИМБО-81-22,Аналитика данных в бизнесе и финансах
ИМБО-75-22,Разработка игр и виртуальной реальности
ИНБО-15-21,Программирование и разработка на языке Java
ИЛБО-83-22,Разработка мобильных приложений и IoT
ИЭБО-50-23,Цифровая трансформация и стратегии бизнеса
ИНБО-53-23,Киберфизические системы и автоматизация процессов
ИЛБО-93-23,Графический дизайн и мультимедиа
ИКБО-94-22,Веб-разработка и интерфейсный дизайн
ИМБО-53-21,Программирование и разработка на языке Java
ИНБО-65-21,Аналитика данных в бизнесе и финансах
ИЭБО-39-23,Автоматизация тестирования и DevOps
ИНБО-87-20,Программирование и разработка на языке Java
ИЭБО-84-23,Блокчейн и криптовалюты: технологии и применения
ИЭБО-29-23,Безопасность информационных систем и киберзащита
ИНБО-73-20,Анализ больших данных и облачные вычисления
ИВБО-70-21,Блокчейн и криптовалюты: технологии и применения
ИЭБО-01-21,Программирование и разработка на языке Java
ИЛБО-66-23,Интернет вещей (IoT) и умные технологии
ИЛБО-16-21,Блокчейн и криптовалюты: технологии и применения
ИНБО-43-21,Безопасность информационных систем и киберзащита
ИНБО-20-22,Автоматизация тестирования и DevOps
ИНБО-54-22,Анализ данных и машинное обучение
ИНБО-57-22,Программирование и разработка на языке Java
ИКБО-84-23,Разработка приложений для здравоохранения и медицины
ИКБО-95-22,Электронная коммерция и цифровой маркетинг
ИЛБО-15-22,Разработка приложений для здравоохранения и медицины
ИМБО-10-23,Базы данных и архитектура информационных систем
ИКБО-13-23,Автоматизация тестирования и DevOps
ИМБО-44-21,Разработка мобильных приложений и IoT
ИМБО-11-22,Аналитика данных в бизнесе и финансах
ИКБО-61-22,Сетевые технологии и администрирование сетей
ИВБО-41-21,Анализ данных и машинное обучение
ИВБО-53-20,Разработка игр и виртуальной реальности
ИКБО-58-21,Информационные технологии и разработка программного обеспечения
ИМБО-60-22,Киберфизические системы и автоматизация процессов
ИКБО-15-23,Информационные технологии и разработка программного обеспечения
ИЛБО-27-20,Разработка мобильных приложений и IoT
ИВБО-27-21,Аналитика данных в бизнесе и финансах
ИКБО-07-21,Сетевые технологии и администрирование сетей
ИМБО-40-20,Аналитика данных в бизнесе и финансах
ИВБО-58-23,Блокчейн и криптовалюты: технологии и применения
ИВБО-79-23,Электронная коммерция и цифровой маркетинг
ИКБО-68-20,Сетевые технологии и администрирование сетей
ИВБО-95-23,Интернет вещей (IoT) и умные технологии
ИВБО-90-23,Разработка приложений для здравоохранения и медицины
ИВБО-84-20,Интернет вещей (IoT) и умные технологии
ИКБО-72-23,Разработка мобильных приложений и IoT
ИЭБО-80-20,Автоматизация тестирования и DevOps
ИМБО-53-20,Анализ данных и машинное обучение
ИЛБО-44-22,Безопасность информационных систем и киберзащита
ИЭБО-33-22,Разработка приложений для здравоохранения и медицины
ИНБО-84-20,Сетевые технологии и администрирование сетей
ИЭБО-09-21,Программирование и разработка на языке Java
ИКБО-51-22,Сетевые технологии и администрирование сетей
ИКБО-08-20,Электронная коммерция и цифровой маркетинг
ИВБО-86-22,Программирование и разработка на языке Java
ИВБО-87-20,Разработка игр и виртуальной реальности
ИМБО-57-21,Автоматизация тестирования и DevOps
ИВБО-44-23,Информационные технологии и разработка программного обеспечения
ИВБО-20-22,Интернет вещей (IoT) и умные технологии
ИМБО-92-22,Интернет вещей (IoT) и умные технологии
ИНБО-94-21,Киберфизические системы и автоматизация процессов
ИМБО-50-20,Цифровая трансформация и стратегии бизнеса
ИЭБО-85-21,Разработка игр и виртуальной реальности
ИВБО-78-20,Блокчейн и криптовалюты: технологии и применения
ИМБО-81-23,Разработка игр и виртуальной реальности
ИНБО-55-23,Графический дизайн и мультимедиа
ИЭБО-22-20,Анализ данных и машинное обучение
ИЛБО-56-22,Графический дизайн и мультимедиа
ИКБО-58-20,Программирование и разработка на языке Java
ИНБО-46-23,Разработка мобильных приложений и IoT
ИНБО-71-20,Разработка игр и виртуальной реальности
ИВБО-66-20,Веб-разработка и интерфейсный дизайн
ИЛБО-92-20,Разработка игр и виртуальной реальности
ИЛБО-39-21,Автоматизация тестирования и DevOps
ИВБО-24-23,Блокчейн и криптовалюты: технологии и применения
ИМБО-35-20,Разработка мобильных приложений и IoT
ИЭБО-39-20,Аналитика данных в бизнесе и финансах
ИВБО-99-23,Веб-разработка и интерфейсный дизайн
ИКБО-57-23,Блокчейн и криптовалюты: технологии и применения
ИЛБО-20-22,Электронная коммерция и цифровой маркетинг
ИМБО-42-23,Блокчейн и криптовалюты: технологии и применения
ИНБО-53-22,Безопасность информационных систем и киберзащита
ИМБО-23-21,Безопасность информационных систем и киберзащита
ИЭБО-23-20,Анализ данных и машинное обучение
ИЭБО-83-22,Веб-разработка и интерфейсный дизайн
ИКБО-35-23,Анализ больших данных и облачные вычисления
ИМБО-63-22,Автоматизация тестирования и DevOps
ИЛБО-01-23,Анализ данных и машинное обучение
ИМБО-12-22,Интернет вещей (IoT) и умные технологии
ИВБО-26-20,Разработка игр и виртуальной реальности
ИМБО-16-20,Разработка робототехнических систем и искусственный интеллект
ИЛБО-79-23,Разработка мобильных приложений и IoT
ИМБО-79-23,Программирование и разработка на языке Java
ИВБО-61-20,Киберфизические системы и автоматизация процессов
ИВБО-66-22,Безопасность информационных систем и киберзащита
ИВБО-22-21,Анализ данных и машинное обучение
ИМБО-52-23,Информационные технологии и разработка программного обеспечения
ИЛБО-02-20,Графический дизайн и мультимедиа
ИКБО-32-23,Разработка робототехнических систем и искусственный интеллект
ИЛБО-94-21,Информационные технологии и разработка программного обеспечения
ИЭБО-26-23,Блокчейн и криптовалюты: технологии и применения
ИМБО-08-21,Базы данных и архитектура информационных систем
ИНБО-39-21,Анализ данных и машинное обучение
ИВБО-92-20,Разработка робототехнических систем и искусственный интеллект
ИНБО-65-20,Разработка мобильных приложений и IoT
ИКБО-42-22,Электронная коммерция и цифровой маркетинг
ИВБО-05-21,Программирование и разработка на языке Java
ИКБО-56-22,Цифровая трансформация и стратегии бизнеса
ИКБО-77-21,Разработка мобильных приложений и IoT
ИНБО-33-21,Графический дизайн и мультимедиа
ИМБО-86-23,Сетевые технологии и администрирование сетей
ИЛБО-27-23,Веб-разработка и интерфейсный дизайн
ИНБО-51-22,Базы данных и архитектура информационных систем
ИЭБО-70-20,Веб-разработка и интерфейсный дизайн
ИМБО-72-23,Сетевые технологии и администрирование сетей
ИНБО-65-22,Анализ данных и машинное обучение
ИЛБО-76-23,Разработка игр и виртуальной реальности
ИНБО-52-20,Интернет вещей (IoT) и умные технологии
ИЛБО-08-21,Цифровая трансформация и стратегии бизнеса
ИВБО-68-21,Программирование и разработка на языке Java
ИВБО-98-20,Безопасность информационных систем и киберзащита
ИНБО-01-21,Киберфизические системы и автоматизация процессов
ИЭБО-60-22,Цифровая трансформация и стратегии бизнеса
ИКБО-47-23,Безопасность информационных систем и киберзащита
ИКБО-24-21,Программирование и разработка на языке Java
ИЛБО-65-20,Интернет вещей (IoT) и умные технологии
ИНБО-19-23,Анализ данных и машинное обучение
ИМБО-29-23,Программирование и разработка на языке Java
ИНБО-45-20,Программирование и разработка на языке Java
ИВБО-28-20,Информационные технологии и разработка программного обеспечения
ИКБО-19-21,Безопасность информационных систем и киберзащита
ИЭБО-66-23,Разработка игр и виртуальной реальности
ИМБО-32-22,Интернет вещей (IoT) и умные технологии
ИЭБО-48-22,Цифровая трансформация и стратегии бизнеса
ИНБО-26-22,Аналитика данных в бизнесе и финансах
ИВБО-34-23,Информационные технологии и разработка программного обеспечения
ИЭБО-90-21,Блокчейн и криптовалюты: технологии и применения
ИНБО-28-21,Анализ больших данных и облачные вычисления
ИВБО-56-20,Анализ больших данных и облачные вычисления
ИЛБО-48-23,Разработка приложений для здравоохранения и медицины
ИНБО-41-23,Киберфизические системы и автоматизация процессов
ИВБО-43-20,Программирование и разработка на языке Java
ИМБО-38-22,Информационные технологии и разработка программного обеспечения
ИВБО-28-22,Автоматизация тестирования и DevOps
ИМБО-36-20,Информационные технологии и разработка программного обеспечения
ИНБО-84-22,Базы данных и архитектура информационных систем
ИНБО-54-20,Информационные технологии и разработка программного обеспечения
ИНБО-47-21,Разработка мобильных приложений и IoT
ИЭБО-69-23,Разработка игр и виртуальной реальности
ИНБО-03-22,Сетевые технологии и администрирование сетей
ИЛБО-76-22,Информационные технологии и разработка программного обеспечения
ИКБО-10-20,Киберфизические системы и автоматизация процессов
ИВБО-75-21,Автоматизация тестирования и DevOps
ИЭБО-54-21,Разработка мобильных приложений и IoT
ИМБО-87-23,Безопасность информационных систем и киберзащита
ИНБО-59-23,Безопасность информационных систем и киберзащита
ИВБО-55-23,Веб-разработка и интерфейсный дизайн
ИНБО-77-22,Разработка игр и виртуальной реальности
ИЛБО-07-22,Блокчейн и криптовалюты: технологии и применения
ИКБО-37-21,Анализ больших данных и облачные вычисления
ИМБО-59-20,Базы данных и архитектура информационных систем
ИНБО-88-22,Информационные технологии и разработка программного обеспечения
ИМБО-94-20,Блокчейн и криптовалюты: технологии и применения
ИВБО-25-21,Графический дизайн и мультимедиа
ИЭБО-37-22,Сетевые технологии и администрирование сетей
ИМБО-23-20,Информационные технологии и разработка программного обеспечения
ИЛБО-48-20,Анализ больших данных и облачные вычисления
ИМБО-86-21,Веб-разработка и интерфейсный дизайн
ИВБО-88-21,Блокчейн и криптовалюты: технологии и применения
ИВБО-08-22,Разработка игр и виртуальной реальности
ИНБО-68-20,Блокчейн и криптовалюты: технологии и применения
ИЛБО-80-21,Киберфизические системы и автоматизация процессов
ИЭБО-88-20,Программирование и разработка на языке Java
ИЭБО-49-23,Базы данных и архитектура информационных систем
ИКБО-41-23,Электронная коммерция и цифровой маркетинг
ИНБО-99-20,Разработка игр и виртуальной реальности
ИМБО-03-23,Цифровая трансформация и стратегии бизнеса
ИКБО-95-20,Автоматизация тестирования и DevOps
ИЭБО-04-23,Графический дизайн и мультимедиа
ИМБО-42-22,Базы данных и архитектура информационных систем
ИЛБО-07-23,Базы данных и архитектура информационных систем
ИЛБО-99-23,Цифровая трансформация и стратегии бизнеса
ИВБО-16-23,Разработка приложений для здравоохранения и медицины
ИЭБО-78-23,Анализ данных и машинное обучение
ИНБО-13-21,Веб-разработка и интерфейсный дизайн
ИМБО-65-22,Программирование и разработка на языке Java
ИНБО-44-22,Сетевые технологии и администрирование сетей
ИМБО-36-22,Разработка игр и виртуальной реальности
ИЛБО-20-23,Разработка приложений для здравоохранения и медицины
ИВБО-82-20,Электронная коммерция и цифровой маркетинг
ИЭБО-37-21,Разработка приложений для здравоохранения и медицины
ИМБО-64-20,Разработка игр и виртуальной реальности
ИЛБО-31-20,Киберфизические системы и автоматизация процессов
ИКБО-79-21,Анализ больших данных и облачные вычисления
ИНБО-98-23,Программирование и разработка на языке Java
ИКБО-74-22,Разработка мобильных приложений и IoT
ИКБО-98-21,Интернет вещей (IoT) и умные технологии
ИМБО-01-23,Киберфизические системы и автоматизация процессов
ИЛБО-20-21,Цифровая трансформация и стратегии бизнеса
ИКБО-69-21,Информационные технологии и разработка программного обеспечения
ИЭБО-18-22,Анализ больших данных и облачные вычисления
ИВБО-46-22,Веб-разработка и интерфейсный дизайн
ИВБО-70-22,Разработка робототехнических систем и искусственный интеллект
ИЭБО-19-21,Базы данных и архитектура информационных систем
ИНБО-61-20,Электронная коммерция и цифровой маркетинг
ИЭБО-09-22,Электронная коммерция и цифровой маркетинг
ИМБО-94-22,Анализ больших данных и облачные вычисления
ИЭБО-13-22,Электронная коммерция и цифровой маркетинг
ИНБО-05-20,Базы данных и архитектура информационных систем
ИЛБО-50-23,Разработка приложений для здравоохранения и медицины
ИВБО-34-20,Анализ больших данных и облачные вычисления
ИКБО-57-20,Разработка робототехнических систем и искусственный интеллект
ИЛБО-42-23,Анализ больших данных и облачные вычисления
ИЛБО-54-20,Анализ данных и машинное обучение
ИЛБО-66-22,Блокчейн и криптовалюты: технологии и применения
ИЭБО-17-23,Аналитика данных в бизнесе и финансах
ИНБО-72-23,Базы данных и архитектура информационных систем
ИМБО-67-20,Сетевые технологии и администрирование сетей
ИЛБО-84-23,Интернет вещей (IoT) и умные технологии
ИНБО-75-22,Автоматизация тестирования и DevOps
ИМБО-12-21,Графический дизайн и мультимедиа
ИЛБО-59-21,Сетевые технологии и администрирование сетей
ИНБО-94-22,Электронная коммерция и цифровой маркетинг
ИВБО-16-21,Аналитика данных в бизнесе и финансах
ИКБО-87-20,Разработка приложений для здравоохранения и медицины
ИНБО-79-20,Автоматизация тестирования и DevOps
ИНБО-08-20,Автоматизация тестирования и DevOps
ИВБО-70-20,Разработка игр и виртуальной реальности
ИЭБО-20-20,Разработка мобильных приложений и IoT
ИЛБО-41-20,Автоматизация тестирования и DevOps
ИМБО-18-21,Программирование и разработка на языке Java
ИЭБО-88-22,Анализ больших данных и облачные вычисления
ИНБО-43-22,Цифровая трансформация и стратегии бизнеса
ИКБО-97-21,Безопасность информационных систем и киберзащита
ИКБО-81-22,Блокчейн и криптовалюты: технологии и применения
ИЛБО-33-23,Разработка робототехнических систем и искусственный интеллект
ИВБО-43-21,Блокчейн и криптовалюты: технологии и применения
ИВБО-30-20,Базы данных и архитектура информационных систем
ИЭБО-32-20,Анализ данных и машинное обучение
ИНБО-83-23,Программирование и разработка на языке Java
ИМБО-82-21,Киберфизические системы и автоматизация процессов
ИЛБО-85-23,Безопасность информационных систем и киберзащита
ИВБО-67-21,Автоматизация тестирования и DevOps
ИВБО-45-23,Анализ данных и машинное обучение
ИЛБО-25-22,Киберфизические системы и автоматизация процессов
ИМБО-59-23,Электронная коммерция и цифровой маркетинг
ИЛБО-84-20,Разработка приложений для здравоохранения и медицины
ИНБО-68-23,Программирование и разработка на языке Java
ИМБО-95-20,Разработка мобильных приложений и IoT
ИКБО-58-22,Информационные технологии и разработка программного обеспечения
ИВБО-98-23,Цифровая трансформация и стратегии бизнеса
ИМБО-39-23,Блокчейн и криптовалюты: технологии и применения
ИКБО-97-23,Автоматизация тестирования и DevOps
ИЭБО-05-20,Разработка игр и виртуальной реальности
ИНБО-44-21,Программирование и разработка на языке Java
ИЭБО-72-20,Сетевые технологии и администрирование сетей
ИЭБО-97-21,Сетевые технологии и администрирование сетей
ИМБО-09-21,Базы данных и архитектура информационных систем
ИНБО-78-20,Аналитика данных в бизнесе и финансах
ИМБО-41-21,Разработка мобильных приложений и IoT
ИКБО-70-23,Электронная коммерция и цифровой маркетинг
ИНБО-24-21,Анализ больших данных и облачные вычисления
ИКБО-36-23,Блокчейн и криптовалюты: технологии и применения
ИКБО-39-20,Базы данных и архитектура информационных систем
ИКБО-34-22,Разработка игр и виртуальной реальности
ИНБО-93-23,Базы данных и архитектура информационных систем
ИКБО-38-23,Киберфизические системы и автоматизация процессов
ИЛБО-72-23,Анализ данных и машинное обучение
ИМБО-97-20,Базы данных и архитектура информационных систем
ИЭБО-19-23,Безопасность информационных систем и киберзащита
ИМБО-63-20,Сетевые технологии и администрирование сетей
ИЭБО-07-23,Интернет вещей (IoT) и умные технологии
ИЛБО-50-22,Киберфизические системы и автоматизация процессов
ИЭБО-66-22,Интернет вещей (IoT) и умные технологии
ИЭБО-05-21,Разработка мобильных приложений и IoT
ИЭБО-23-22,Интернет вещей (IoT) и умные технологии
ИЭБО-83-20,Автоматизация тестирования и DevOps
ИНБО-55-20,Разработка робототехнических систем и искусственный интеллект
ИВБО-63-21,Цифровая трансформация и стратегии бизнеса
ИНБО-28-23,Автоматизация тестирования и DevOps
ИМБО-65-23,Разработка робототехнических систем и искусственный интеллект
ИКБО-26-23,Разработка игр и виртуальной реальности
ИЛБО-40-21,Информационные технологии и разработка программного обеспечения
ИКБО-90-21,Графический дизайн и мультимедиа
ИМБО-41-23,Разработка игр и виртуальной реальности
ИМБО-80-23,Разработка приложений для здравоохранения и медицины
ИНБО-58-21,Анализ больших данных и облачные вычисления
ИМБО-49-21,Веб-разработка и интерфейсный дизайн
ИНБО-49-23,Автоматизация тестирования и DevOps
ИЭБО-25-20,Разработка робототехнических систем и искусственный интеллект
ИНБО-75-23,Базы данных и архитектура информационных систем
ИМБО-34-21,Анализ больших данных и облачные вычисления
ИМБО-26-23,Безопасность информационных систем и киберзащита
ИНБО-45-22,Графический дизайн и мультимедиа
ИВБО-82-22,Анализ больших данных и облачные вычисления
ИМБО-56-23,Анализ данных и машинное обучение
ИЭБО-60-23,Блокчейн и криптовалюты: технологии и применения
ИЭБО-32-23,Анализ данных и машинное обучение
ИЭБО-35-23,Разработка мобильных приложений и IoT
ИВБО-53-22,Разработка робототехнических систем и искусственный интеллект
ИКБО-31-23,Анализ данных и машинное обучение
ИКБО-65-20,Разработка игр и виртуальной реальности
ИЭБО-65-23,Блокчейн и криптовалюты: технологии и применения
ИМБО-36-23,Разработка приложений для здравоохранения и медицины
ИЭБО-61-22,Блокчейн и криптовалюты: технологии и применения
ИНБО-63-20,Цифровая трансформация и стратегии бизнеса
ИМБО-73-23,Анализ данных и машинное обучение
ИНБО-84-21,Разработка робототехнических систем и искусственный интеллект
ИНБО-01-22,Графический дизайн и мультимедиа
ИЭБО-75-21,Разработка робототехнических систем и искусственный интеллект
ИНБО-59-21,Анализ больших данных и облачные вычисления
ИВБО-33-21,Информационные технологии и разработка программного обеспечения
ИКБО-77-20,Анализ данных и машинное обучение
ИКБО-75-23,Разработка игр и виртуальной реальности
ИЭБО-42-23,Анализ больших данных и облачные вычисления
ИВБО-93-21,Аналитика данных в бизнесе и финансах
ИВБО-50-20,Киберфизические системы и автоматизация процессов
ИНБО-55-21,Блокчейн и криптовалюты: технологии и применения
ИЭБО-36-20,Программирование и разработка на языке Java
ИНБО-25-21,Безопасность информационных систем и киберзащита
ИВБО-61-23,Интернет вещей (IoT) и умные технологии
ИВБО-32-22,Электронная коммерция и цифровой маркетинг
ИЛБО-92-21,Автоматизация тестирования и DevOps
ИЛБО-05-20,Анализ данных и машинное обучение
ИМБО-01-21,Интернет вещей (IoT) и умные технологии
ИВБО-31-21,Киберфизические системы и автоматизация процессов
ИНБО-27-22,Анализ больших данных и облачные вычисления
ИКБО-02-22,Цифровая трансформация и стратегии бизнеса
ИЭБО-12-20,Электронная коммерция и цифровой маркетинг
ИЛБО-82-20,Аналитика данных в бизнесе и финансах
ИМБО-68-21,Веб-разработка и интерфейсный дизайн
ИМБО-44-20,Веб-разработка и интерфейсный дизайн
ИНБО-29-21,Анализ данных и машинное обучение
ИВБО-48-23,Анализ больших данных и облачные вычисления
ИКБО-14-20,Веб-разработка и интерфейсный дизайн
ИЛБО-67-23,Разработка приложений для здравоохранения и медицины
ИЛБО-34-21,Программирование и разработка на языке Java
ИНБО-08-22,Блокчейн и криптовалюты: технологии и применения
ИНБО-02-20,Цифровая трансформация и стратегии бизнеса
ИВБО-03-22,Информационные технологии и разработка программного обеспечения
ИКБО-06-23,Анализ данных и машинное обучение
ИКБО-67-22,Интернет вещей (IoT) и умные технологии
ИНБО-34-22,Веб-разработка и интерфейсный дизайн
ИНБО-04-21,Программирование и разработка на языке Java
ИКБО-63-21,Безопасность информационных систем и киберзащита
ИЭБО-89-20,Базы данных и архитектура информационных систем
ИЛБО-91-22,Автоматизация тестирования и DevOps
ИНБО-71-23,Электронная коммерция и цифровой маркетинг
ИЭБО-57-20,Автоматизация тестирования и DevOps
ИКБО-89-21,Базы данных и архитектура информационных систем
ИКБО-37-20,Разработка мобильных приложений и IoT
ИВБО-68-20,Автоматизация тестирования и DevOps
ИВБО-23-21,Блокчейн и криптовалюты: технологии и применения
ИКБО-15-22,Автоматизация тестирования и DevOps
ИМБО-70-20,Анализ данных и машинное обучение
ИМБО-41-22,Программирование и разработка на языке Java
ИКБО-95-23,Автоматизация тестирования и DevOps
ИМБО-02-21,Блокчейн и криптовалюты: технологии и применения
ИЭБО-60-20,Базы данных и архитектура информационных систем
ИМБО-01-22,Информационные технологии и разработка программного обеспечения
ИВБО-77-22,Разработка робототехнических систем и искусственный интеллект
ИКБО-52-21,Цифровая трансформация и стратегии бизнеса
ИВБО-64-22,Разработка робототехнических систем и искусственный интеллект
ИМБО-14-22,Графический дизайн и мультимедиа
ИМБО-46-22,Разработка робототехнических систем и искусственный интеллект
ИЛБО-01-20,Веб-разработка и интерфейсный дизайн
ИЛБО-49-20,Информационные технологии и разработка программного обеспечения
ИНБО-89-20,Сетевые технологии и администрирование сетей
ИКБО-50-21,Графический дизайн и мультимедиа
ИЛБО-22-21,Цифровая трансформация и стратегии бизнеса
ИМБО-66-21,Программирование и разработка на языке Java
ИМБО-59-21,Разработка игр и виртуальной реальности
ИЛБО-10-22,Разработка мобильных приложений и IoT
ИНБО-29-22,Разработка мобильных приложений и IoT
ИКБО-36-22,Блокчейн и криптовалюты: технологии и применения
ИВБО-21-22,Анализ больших данных и облачные вычисления
ИЛБО-80-20,Программирование и разработка на языке Java
ИКБО-99-21,Разработка приложений для здравоохранения и медицины
ИВБО-32-20,Безопасность информационных систем и киберзащита
ИМБО-38-21,Информационные технологии и разработка программного обеспечения
ИМБО-97-23,Автоматизация тестирования и DevOps
ИВБО-19-21,Разработка приложений для здравоохранения и медицины
ИНБО-26-21,Программирование и разработка на языке Java
ИКБО-82-20,Разработка игр и виртуальной реальности
ИЛБО-22-22,Блокчейн и криптовалюты: технологии и применения
ИНБО-36-20,Блокчейн и криптовалюты: технологии и применения
ИНБО-74-21,Сетевые технологии и администрирование сетей
ИМБО-91-22,Сетевые технологии и администрирование сетей
ИКБО-78-21,Аналитика данных в бизнесе и финансах
ИЛБО-53-23,Безопасность информационных систем и киберзащита
ИВБО-60-20,Разработка мобильных приложений и IoT
ИЭБО-26-21,Программирование и разработка на языке Java
ИМБО-48-22,Электронная коммерция и цифровой маркетинг
ИМБО-29-20,Интернет вещей (IoT) и умные технологии
ИМБО-79-21,Киберфизические системы и автоматизация процессов
ИКБО-82-22,Автоматизация тестирования и DevOps
ИКБО-16-21,Базы данных и архитектура информационных систем
ИЭБО-52-20,Разработка приложений для здравоохранения и медицины
ИВБО-72-20,Базы данных и архитектура информационных систем
ИЛБО-68-22,Киберфизические системы и автоматизация процессов
ИЭБО-56-22,Анализ данных и машинное обучение
ИНБО-93-22,Киберфизические системы и автоматизация процессов
ИЛБО-57-22,Сетевые технологии и администрирование сетей
ИЭБО-16-20,Информационные технологии и разработка программного обеспечения
ИНБО-66-23,Блокчейн и криптовалюты: технологии и применения
ИКБО-99-22,Графический дизайн и мультимедиа
ИКБО-74-23,Веб-разработка и интерфейсный дизайн
ИЛБО-60-23,Безопасность информационных систем и киберзащита
ИМБО-74-20,Аналитика данных в бизнесе и финансах
ИМБО-06-22,Цифровая трансформация и стратегии бизнеса
ИНБО-36-22,Автоматизация тестирования и DevOps
ИМБО-64-23,Блокчейн и криптовалюты: технологии и применения
ИЛБО-90-21,Интернет вещей (IoT) и умные технологии
ИЛБО-07-20,Сетевые технологии и администрирование сетей
ИКБО-58-23,Графический дизайн и мультимедиа
ИЛБО-92-22,Графический дизайн и мультимедиа
ИКБО-34-21,Цифровая трансформация и стратегии бизнеса
ИНБО-86-22,Сетевые технологии и администрирование сетей
ИНБО-37-20,Анализ больших данных и облачные вычисления
ИКБО-83-23,Блокчейн и криптовалюты: технологии и применения
ИЭБО-45-23,Автоматизация тестирования и DevOps
ИМБО-27-21,Разработка мобильных приложений и IoT
ИЭБО-69-21,Разработка игр и виртуальной реальности
ИНБО-26-20,Веб-разработка и интерфейсный дизайн
ИВБО-36-23,Электронная коммерция и цифровой маркетинг
ИКБО-06-21,Веб-разработка и интерфейсный дизайн
ИКБО-73-20,Разработка робототехнических систем и искусственный интеллект
ИВБО-71-21,Графический дизайн и мультимедиа
ИКБО-35-22,Веб-разработка и интерфейсный дизайн
ИНБО-41-20,Автоматизация тестирования и DevOps
ИКБО-87-22,Анализ больших данных и облачные вычисления
ИВБО-21-21,Сетевые технологии и администрирование сетей
ИЛБО-66-21,Анализ больших данных и облачные вычисления
ИЭБО-69-20,Аналитика данных в бизнесе и финансах
ИЭБО-29-21,Разработка приложений для здравоохранения и медицины
ИНБО-09-20,Информационные технологии и разработка программного обеспечения
ИЭБО-08-23,Аналитика данных в бизнесе и финансах
ИЛБО-88-23,Базы данных и архитектура информационных систем
ИНБО-72-21,Базы данных и архитектура информационных систем
ИНБО-20-21,Разработка робототехнических систем и искусственный интеллект
ИНБО-84-23,Базы данных и архитектура информационных систем
ИЛБО-71-23,Интернет вещей (IoT) и умные технологии
ИНБО-70-21,Разработка мобильных приложений и IoT
ИВБО-15-22,Программирование и разработка на языке Java
ИКБО-05-21,Информационные технологии и разработка программного обеспечения
ИМБО-67-23,Разработка мобильных приложений и IoT
ИВБО-88-22,Анализ данных и машинное обучение
ИЭБО-15-20,Графический дизайн и мультимедиа
ИЭБО-41-23,Веб-разработка и интерфейсный дизайн
ИМБО-29-21,Цифровая трансформация и стратегии бизнеса
ИЭБО-30-21,Разработка мобильных приложений и IoT
ИЭБО-54-22,Блокчейн и криптовалюты: технологии и применения
ИЛБО-62-20,Разработка мобильных приложений и IoT
ИЭБО-79-23,Разработка игр и виртуальной реальности
ИВБО-08-23,Разработка игр и виртуальной реальности
ИВБО-77-21,Информационные технологии и разработка программного обеспечения
ИЭБО-91-22,Цифровая трансформация и стратегии бизнеса
ИМБО-62-23,Разработка игр и виртуальной реальности
ИМБО-40-23,Сетевые технологии и администрирование сетей
ИЛБО-77-22,Разработка мобильных приложений и IoT
ИВБО-58-22,Интернет вещей (IoT) и умные технологии
ИМБО-47-21,Разработка игр и виртуальной реальности
ИЛБО-31-21,Анализ данных и машинное обучение
ИВБО-63-22,Разработка робототехнических систем и искусственный интеллект
ИЭБО-17-22,Анализ данных и машинное обучение
ИЛБО-34-20,Разработка робототехнических систем и искусственный интеллект
ИКБО-18-21,Электронная коммерция и цифровой маркетинг
ИКБО-45-23,Веб-разработка и интерфейсный дизайн
ИЭБО-08-22,Аналитика данных в бизнесе и финансах
ИМБО-09-23,Разработка мобильных приложений и IoT
ИКБО-21-20,Базы данных и архитектура информационных систем
ИЭБО-61-20,Программирование и разработка на языке Java
ИКБО-10-21,Базы данных и архитектура информационных систем
ИКБО-82-21,Базы данных и архитектура информационных систем
ИМБО-50-22,Разработка приложений для здравоохранения и медицины
ИЭБО-52-22,Программирование и разработка на языке Java
ИЭБО-58-23,Безопасность информационных систем и киберзащита
ИКБО-45-22,Киберфизические системы и автоматизация процессов
ИВБО-56-22,Цифровая трансформация и стратегии бизнеса
ИКБО-11-20,Автоматизация тестирования и DevOps
ИКБО-83-20,Разработка мобильных приложений и IoT
ИЭБО-79-22,Программирование и разработка на языке Java
ИЭБО-21-21,Графический дизайн и мультимедиа
ИВБО-48-21,Разработка игр и виртуальной реальности
ИНБО-64-20,Разработка приложений для здравоохранения и медицины
ИКБО-53-21,Разработка игр и виртуальной реальности
ИНБО-13-20,Базы данных и архитектура информационных систем
ИЭБО-29-20,Интернет вещей (IoT) и умные технологии
ИНБО-91-20,Интернет вещей (IoT) и умные технологии
ИМБО-61-21,Базы данных и архитектура информационных систем
ИЛБО-16-23,Блокчейн и криптовалюты: технологии и применения
ИЛБО-45-21,Интернет вещей (IoT) и умные технологии
ИКБО-08-21,Цифровая трансформация и стратегии бизнеса
ИЭБО-48-23,Разработка приложений для здравоохранения и медицины
ИКБО-93-22,Программирование и разработка на языке Java
ИМБО-92-21,Анализ данных и машинное обучение
ИЭБО-53-22,Электронная коммерция и цифровой маркетинг
ИЛБО-69-22,Анализ больших данных и облачные вычисления
ИМБО-50-21,Киберфизические системы и автоматизация процессов
ИНБО-98-22,Сетевые технологии и администрирование сетей
ИЛБО-38-21,Интернет вещей (IoT) и умные технологии
ИКБО-19-20,Электронная коммерция и цифровой маркетинг
ИКБО-84-22,Аналитика данных в бизнесе и финансах
ИЛБО-09-20,Электронная коммерция и цифровой маркетинг
ИЭБО-96-21,Блокчейн и криптовалюты: технологии и применения
ИЭБО-10-21,Разработка приложений для здравоохранения и медицины
ИВБО-92-21,Графический дизайн и мультимедиа
ИМБО-87-20,Программирование и разработка на языке Java
ИЭБО-54-23,Графический дизайн и мультимедиа
ИНБО-89-21,Блокчейн и криптовалюты: технологии и применения
ИЛБО-02-23,Разработка игр и виртуальной реальности
ИЛБО-01-22,Цифровая трансформация и стратегии бизнеса
ИЭБО-23-21,Анализ больших данных и облачные вычисления
ИЛБО-64-20,Сетевые технологии и администрирование сетей
ИМБО-81-20,Интернет вещей (IoT) и умные технологии
ИМБО-85-21,Электронная коммерция и цифровой маркетинг
ИЭБО-72-23,Графический дизайн и мультимедиа
ИКБО-14-23,Блокчейн и криптовалюты: технологии и применения
ИМБО-50-23,Разработка приложений для здравоохранения и медицины
ИЛБО-37-22,Цифровая трансформация и стратегии бизнеса
ИЭБО-99-20,Разработка приложений для здравоохранения и медицины
ИЛБО-06-20,Сетевые технологии и администрирование сетей
ИНБО-60-22,Разработка мобильных приложений и IoT
ИНБО-56-22,Графический дизайн и мультимедиа
ИНБО-58-23,Аналитика данных в бизнесе и финансах
ИНБО-79-21,Безопасность информационных систем и киберзащита
ИЛБО-21-20,Разработка игр и виртуальной реальности
ИНБО-47-23,Программирование и разработка на языке Java
ИЛБО-64-21,Анализ больших данных и облачные вычисления
ИВБО-87-22,Графический дизайн и мультимедиа
ИКБО-94-21,Информационные технологии и разработка программного обеспечения
ИКБО-90-22,Разработка мобильных приложений и IoT
ИНБО-66-21,Информационные технологии и разработка программного обеспечения
ИЭБО-78-20,Графический дизайн и мультимедиа
ИВБО-50-22,Разработка игр и виртуальной реальности
ИВБО-02-22,Блокчейн и криптовалюты: технологии и применения
ИМБО-14-23,Анализ данных и машинное обучение
ИНБО-91-22,Аналитика данных в бизнесе и финансах
ИЭБО-08-21,Веб-разработка и интерфейсный дизайн
ИЛБО-32-21,Электронная коммерция и цифровой маркетинг
ИКБО-54-20,Безопасность информационных систем и киберзащита
ИВБО-22-22,Автоматизация тестирования и DevOps
ИЭБО-14-20,Аналитика данных в бизнесе и финансах
ИЭБО-63-22,Разработка робототехнических систем и искусственный интеллект
ИВБО-72-21,Автоматизация тестирования и DevOps
ИНБО-81-20,Программирование и разработка на языке Java
ИВБО-65-20,Разработка робототехнических систем и искусственный интеллект
ИВБО-13-21,Сетевые технологии и администрирование сетей
ИЛБО-74-22,Аналитика данных в бизнесе и финансах
ИМБО-70-21,Разработка приложений для здравоохранения и медицины
ИЭБО-52-23,Графический дизайн и мультимедиа
ИМБО-77-23,Блокчейн и криптовалюты: технологии и применения
ИЛБО-74-23,Разработка игр и виртуальной реальности
ИЭБО-22-23,Цифровая трансформация и стратегии бизнеса
ИМБО-20-23,Разработка робототехнических систем и искусственный интеллект
ИМБО-66-23,Аналитика данных в бизнесе и финансах
ИНБО-30-21,Сетевые технологии и администрирование сетей
ИЛБО-14-22,Автоматизация тестирования и DevOps
ИЛБО-10-23,Информационные технологии и разработка программного обеспечения
ИМБО-67-21,Блокчейн и криптовалюты: технологии и применения
ИЛБО-34-22,Разработка мобильных приложений и IoT
ИНБО-80-21,Разработка мобильных приложений и IoT
ИЭБО-64-21,Разработка мобильных приложений и IoT
ИЛБО-70-23,Электронная коммерция и цифровой маркетинг
ИНБО-12-22,Киберфизические системы и автоматизация процессов
ИВБО-07-21,Электронная коммерция и цифровой маркетинг
ИЛБО-09-23,Автоматизация тестирования и DevOps
ИКБО-57-21,Разработка мобильных приложений и IoT
ИМБО-33-23,Разработка мобильных приложений и IoT
ИМБО-19-21,Веб-разработка и интерфейсный дизайн
ИЛБО-85-21,Анализ данных и машинное обучение
ИЭБО-87-21,Информационные технологии и разработка программного обеспечения
ИКБО-91-20,Разработка робототехнических систем и искусственный интеллект
ИЛБО-50-20,Аналитика данных в бизнесе и финансах
ИЛБО-13-21,Разработка робототехнических систем и искусственный интеллект
ИВБО-62-20,Анализ больших данных и облачные вычисления
ИЛБО-96-21,Веб-разработка и интерфейсный дизайн
ИЛБО-09-22,Анализ больших данных и облачные вычисления
ИЛБО-70-20,Электронная коммерция и цифровой маркетинг
ИКБО-57-22,Разработка приложений для здравоохранения и медицины
ИМБО-28-22,Графический дизайн и мультимедиа
ИНБО-07-22,Разработка игр и виртуальной реальности
ИНБО-35-22,Программирование и разработка на языке Java
ИЭБО-69-22,Аналитика данных в бизнесе и финансах
ИЭБО-53-20,Автоматизация тестирования и DevOps
ИНБО-63-22,Разработка игр и виртуальной реальности
ИЛБО-32-22,Программирование и разработка на языке Java
ИКБО-96-21,Графический дизайн и мультимедиа
ИМБО-46-20,Сетевые технологии и администрирование сетей
ИКБО-53-22,Безопасность информационных систем и киберзащита
ИКБО-65-23,Цифровая трансформация и стратегии бизнеса
ИВБО-98-21,Веб-разработка и интерфейсный дизайн
ИВБО-71-22,Цифровая трансформация и стратегии бизнеса
ИКБО-17-23,Программирование и разработка на языке Java
ИМБО-36-21,Графический дизайн и мультимедиа
ИЭБО-90-23,Базы данных и архитектура информационных систем
ИКБО-05-20,Сетевые технологии и администрирование сетей
ИВБО-17-22,Интернет вещей (IoT) и умные технологии
ИКБО-30-22,Интернет вещей (IoT) и умные технологии
ИВБО-71-23,Сетевые технологии и администрирование сетей
ИМБО-05-20,Аналитика данных в бизнесе и финансах
ИНБО-68-21,Автоматизация тестирования и DevOps
ИМБО-43-23,Сетевые технологии и администрирование сетей
ИМБО-30-21,Разработка игр и виртуальной реальности
ИЭБО-31-22,Безопасность информационных систем и киберзащита
ИВБО-99-21,Аналитика данных в бизнесе и финансах
ИЛБО-73-21,Сетевые технологии и администрирование сетей
ИЛБО-19-21,Программирование и разработка на языке Java
ИЛБО-98-21,Разработка мобильных приложений и IoT
ИЭБО-06-21,Разработка игр и виртуальной реальности
ИКБО-01-21,Киберфизические системы и автоматизация процессов
ИКБО-81-20,Цифровая трансформация и стратегии бизнеса
ИНБО-62-22,Аналитика данных в бизнесе и финансах
ИМБО-93-22,Киберфизические системы и автоматизация процессов
ИЭБО-40-23,Киберфизические системы и автоматизация процессов
ИЛБО-17-23,Анализ больших данных и облачные вычисления
ИЭБО-67-21,Электронная коммерция и цифровой маркетинг
ИВБО-93-22,Электронная коммерция и цифровой маркетинг
ИВБО-42-20,Сетевые технологии и администрирование сетей
ИКБО-94-20,Киберфизические системы и автоматизация процессов
ИНБО-92-22,Разработка игр и виртуальной реальности
ИМБО-79-22,Базы данных и архитектура информационных систем
ИМБО-17-21,Веб-разработка и интерфейсный дизайн
ИВБО-99-22,Аналитика данных в бизнесе и финансах
ИКБО-52-22,Анализ данных и машинное обучение
ИЛБО-60-21,Киберфизические системы и автоматизация процессов
ИЭБО-93-21,Киберфизические системы и автоматизация процессов
ИЭБО-11-20,Разработка робототехнических систем и искусственный интеллект
ИВБО-56-21,Веб-разработка и интерфейсный дизайн
ИЛБО-03-21,Программирование и разработка на языке Java
ИВБО-76-22,Киберфизические системы и автоматизация процессов
ИКБО-85-20,Сетевые технологии и администрирование сетей
ИНБО-63-21,Киберфизические системы и автоматизация процессов
ИКБО-27-22,Безопасность информационных систем и киберзащита
ИВБО-81-23,Сетевые технологии и администрирование сетей
ИНБО-99-21,Разработка игр и виртуальной реальности
ИЭБО-03-23,Анализ данных и машинное обучение
ИКБО-41-21,Программирование и разработка на языке Java
ИНБО-57-21,Информационные технологии и разработка программного обеспечения
ИКБО-75-21,Автоматизация тестирования и DevOps
ИМБО-02-20,Автоматизация тестирования и DevOps
ИВБО-41-20,Разработка робототехнических систем и искусственный интеллект
ИНБО-40-22,Информационные технологии и разработка программного обеспечения
ИМБО-10-21,Графический дизайн и мультимедиа
ИКБО-04-23,Аналитика данных в бизнесе и финансах
ИЭБО-99-22,Киберфизические системы и автоматизация процессов
ИКБО-84-21,Киберфизические системы и автоматизация процессов
ИЭБО-92-22,Безопасность информационных систем и киберзащита
ИКБО-80-20,Разработка робототехнических систем и искусственный интеллект
ИНБО-10-21,Программирование и разработка на языке Java
ИЛБО-44-23,Разработка приложений для здравоохранения и медицины
ИВБО-79-22,Анализ данных и машинное обучение
ИВБО-50-23,Электронная коммерция и цифровой маркетинг
ИМБО-95-21,Сетевые технологии и администрирование сетей
ИНБО-80-20,Графический дизайн и мультимедиа
ИКБО-19-22,Разработка робототехнических систем и искусственный интеллект
ИМБО-89-23,Цифровая трансформация и стратегии бизнеса
ИЭБО-88-23,Графический дизайн и мультимедиа
ИВБО-42-21,Информационные технологии и разработка программного обеспечения
ИЛБО-69-23,Киберфизические системы и автоматизация процессов
ИВБО-73-20,Интернет вещей (IoT) и умные технологии
ИНБО-13-23,Разработка робототехнических систем и искусственный интеллект
ИВБО-05-23,Аналитика данных в бизнесе и финансах
ИВБО-47-22,Блокчейн и криптовалюты: технологии и применения
ИМБО-83-20,Сетевые технологии и администрирование сетей
ИКБО-92-21,Веб-разработка и интерфейсный дизайн
ИЭБО-76-22,Базы данных и архитектура информационных систем
ИМБО-44-22,Программирование и разработка на языке Java
ИНБО-88-21,Графический дизайн и мультимедиа
ИВБО-12-23,Безопасность информационных систем и киберзащита
ИЭБО-47-23,Разработка приложений для здравоохранения и медицины
ИВБО-31-23,Анализ данных и машинное обучение
ИМБО-10-20,Разработка робототехнических систем и искусственный интеллект
ИНБО-56-20,Безопасность информационных систем и киберзащита
ИЛБО-14-21,Цифровая трансформация и стратегии бизнеса
ИНБО-11-22,Разработка приложений для здравоохранения и медицины
ИЛБО-90-22,Анализ больших данных и облачные вычисления
ИЭБО-75-23,Графический дизайн и мультимедиа
ИЛБО-54-22,Автоматизация тестирования и DevOps
ИМБО-01-20,Информационные технологии и разработка программного обеспечения
ИМБО-32-20,Программирование и разработка на языке Java
ИМБО-46-21,Программирование и разработка на языке Java
ИМБО-07-22,Веб-разработка и интерфейсный дизайн
ИКБО-79-22,Анализ данных и машинное обучение
ИКБО-76-22,Безопасность информационных систем и киберзащита
ИНБО-89-23,Программирование и разработка на языке Java
ИМБО-20-21,Интернет вещей (IoT) и умные технологии
ИМБО-39-21,Анализ данных и машинное обучение
ИЭБО-67-23,Информационные технологии и разработка программного обеспечения
ИЭБО-28-22,Разработка игр и виртуальной реальности
ИЛБО-24-21,Киберфизические системы и автоматизация процессов
ИЭБО-20-21,Информационные технологии и разработка программного обеспечения
ИМБО-13-22,Цифровая трансформация и стратегии бизнеса
ИЭБО-18-20,Интернет вещей (IoT) и умные технологии
ИВБО-37-21,Графический дизайн и мультимедиа
ИЭБО-14-23,Информационные технологии и разработка программного обеспечения
ИКБО-56-21,Информационные технологии и разработка программного обеспечения
ИНБО-60-21,Базы данных и архитектура информационных систем
ИМБО-57-22,Базы данных и архитектура информационных систем
ИНБО-83-21,Автоматизация тестирования и DevOps
ИНБО-69-22,Киберфизические системы и автоматизация процессов
ИВБО-24-21,Разработка мобильных приложений и IoT
ИВБО-64-21,Аналитика данных в бизнесе и финансах
ИКБО-40-21,Графический дизайн и мультимедиа
ИМБО-89-22,Разработка мобильных приложений и IoT
ИЭБО-71-21,Сетевые технологии и администрирование сетей
ИЭБО-73-20,Графический дизайн и мультимедиа
ИМБО-87-22,Анализ данных и машинное обучение
ИМБО-11-21,Анализ данных и машинное обучение
ИЭБО-10-20,Киберфизические системы и автоматизация процессов
ИКБО-76-20,Разработка мобильных приложений и IoT
ИКБО-09-20,Разработка робототехнических систем и искусственный интеллект
ИЭБО-07-21,Анализ больших данных и облачные вычисления
ИЛБО-67-21,Электронная коммерция и цифровой маркетинг
ИНБО-62-21,Графический дизайн и мультимедиа
ИМБО-86-20,Цифровая трансформация и стратегии бизнеса
ИКБО-68-21,Киберфизические системы и автоматизация процессов
ИНБО-43-20,Аналитика данных в бизнесе и финансах
ИНБО-67-23,Киберфизические системы и автоматизация процессов
ИЛБО-59-22,Разработка мобильных приложений и IoT
ИМБО-82-23,Информационные технологии и разработка программного обеспечения
ИМБО-17-23,Анализ данных и машинное обучение
ИМБО-37-20,Веб-разработка и интерфейсный дизайн
ИНБО-46-20,Информационные технологии и разработка программного обеспечения
ИКБО-30-23,Разработка мобильных приложений и IoT
ИНБО-02-23,Разработка приложений для здравоохранения и медицины
ИВБО-04-21,Разработка приложений для здравоохранения и медицины
ИКБО-62-21,Электронная коммерция и цифровой маркетинг
ИКБО-29-22,Разработка робототехнических систем и искусственный интеллект
ИВБО-11-21,Разработка робототехнических систем и искусственный интеллект
ИЭБО-84-22,Аналитика данных в бизнесе и финансах
ИЛБО-88-20,Веб-разработка и интерфейсный дизайн
ИЭБО-36-23,Графический дизайн и мультимедиа
ИМБО-19-20,Разработка приложений для здравоохранения и медицины
ИЛБО-99-21,Цифровая трансформация и стратегии бизнеса
ИНБО-11-20,Веб-разработка и интерфейсный дизайн
ИМБО-92-20,Киберфизические системы и автоматизация процессов
ИЭБО-09-23,Аналитика данных в бизнесе и финансах
ИЛБО-57-23,Анализ больших данных и облачные вычисления
ИКБО-87-21,Информационные технологии и разработка программного обеспечения
ИЭБО-86-20,Разработка робототехнических систем и искусственный интеллект
ИМБО-41-20,Блокчейн и криптовалюты: технологии и применения
ИЛБО-58-20,Интернет вещей (IoT) и умные технологии
ИКБО-04-21,Разработка игр и виртуальной реальности
ИЭБО-13-21,Информационные технологии и разработка программного обеспечения
ИЛБО-78-21,Разработка робототехнических систем и искусственный интеллект
ИВБО-76-21,Анализ больших данных и облачные вычисления
ИЛБО-72-21,Аналитика данных в бизнесе и финансах
ИНБО-16-20,Анализ больших данных и облачные вычисления
ИНБО-38-22,Аналитика данных в бизнесе и финансах
ИЛБО-51-22,Блокчейн и криптовалюты: технологии и применения
ИВБО-24-22,Программирование и разработка на языке Java
ИМБО-58-22,Сетевые технологии и администрирование сетей
ИЭБО-94-21,Аналитика данных в бизнесе и финансах
ИНБО-97-23,Безопасность информационных систем и киберзащита
ИНБО-69-21,Электронная коммерция и цифровой маркетинг
ИКБО-31-22,Безопасность информационных систем и киберзащита
ИКБО-74-21,Электронная коммерция и цифровой маркетинг
ИВБО-22-20,Анализ больших данных и облачные вычисления
ИЛБО-84-21,Анализ данных и машинное обучение
ИНБО-19-21,Разработка мобильных приложений и IoT
ИЛБО-79-21,Базы данных и архитектура информационных систем
ИНБО-61-21,Разработка игр и виртуальной реальности
ИЭБО-68-22,Разработка мобильных приложений и IoT
ИНБО-38-21,Базы данных и архитектура информационных систем
ИЛБО-65-23,Автоматизация тестирования и DevOps
ИМБО-91-21,Блокчейн и криптовалюты: технологии и применения
ИВБО-39-23,Автоматизация тестирования и DevOps
ИЛБО-08-23,Разработка робототехнических систем и искусственный интеллект
ИВБО-11-22,Разработка приложений для здравоохранения и медицины
ИВБО-49-21,Веб-разработка и интерфейсный дизайн
ИЛБО-97-22,Графический дизайн и мультимедиа
ИНБО-06-23,Блокчейн и криптовалюты: технологии и применения
ИВБО-58-21,Аналитика данных в бизнесе и финансах
ИЛБО-42-21,Сетевые технологии и администрирование сетей
ИЭБО-34-20,Аналитика данных в бизнесе и финансах
ИЭБО-80-23,Сетевые технологии и администрирование сетей
ИЭБО-95-23,Информационные технологии и разработка программного обеспечения
ИЭБО-12-21,Автоматизация тестирования и DevOps
ИЛБО-25-21,Программирование и разработка на языке Java
ИВБО-09-20,Графический дизайн и мультимедиа
ИМБО-45-23,Базы данных и архитектура информационных систем
ИЭБО-71-23,Аналитика данных в бизнесе и финансах
ИМБО-71-20,Блокчейн и криптовалюты: технологии и применения
ИВБО-08-20,Киберфизические системы и автоматизация процессов
ИЛБО-55-20,Блокчейн и криптовалюты: технологии и применения
ИЭБО-96-23,Цифровая трансформация и стратегии бизнеса
ИЭБО-19-20,Электронная коммерция и цифровой маркетинг
ИНБО-32-21,Анализ больших данных и облачные вычисления
ИМБО-96-20,Интернет вещей (IoT) и умные технологии
ИМБО-80-21,Графический дизайн и мультимедиа
ИЛБО-46-22,Анализ данных и машинное обучение
ИНБО-46-22,Сетевые технологии и администрирование сетей
ИМБО-74-22,Разработка робототехнических систем и искусственный интеллект
ИЭБО-97-20,Разработка мобильных приложений и IoT
ИКБО-13-20,Анализ больших данных и облачные вычисления
ИВБО-96-21,Сетевые технологии и администрирование сетей
ИНБО-94-23,Анализ больших данных и облачные вычисления
ИМБО-20-22,Базы данных и архитектура информационных систем
ИНБО-33-22,Блокчейн и криптовалюты: технологии и применения
ИНБО-50-21,Веб-разработка и интерфейсный дизайн
ИЭБО-97-23,Киберфизические системы и автоматизация процессов
ИНБО-02-21,Разработка робототехнических систем и искусственный интеллект
ИМБО-85-23,Программирование и разработка на языке Java
ИВБО-75-22,Сетевые технологии и администрирование сетей
ИВБО-57-23,Интернет вещей (IoT) и умные технологии
ИЛБО-82-21,Разработка робототехнических систем и искусственный интеллект
ИВБО-76-23,Разработка игр и виртуальной реальности
ИНБО-27-23,Базы данных и архитектура информационных систем
ИКБО-76-21,Анализ больших данных и облачные вычисления
ИКБО-43-23,Веб-разработка и интерфейсный дизайн
ИКБО-24-20,Разработка игр и виртуальной реальности
ИЭБО-68-21,Веб-разработка и интерфейсный дизайн
ИНБО-03-21,Веб-разработка и интерфейсный дизайн
ИЛБО-29-23,Анализ данных и машинное обучение
ИНБО-01-20,Киберфизические системы и автоматизация процессов
ИВБО-69-21,Программирование и разработка на языке Java
ИКБО-32-21,Анализ данных и машинное обучение
ИЛБО-81-22,Киберфизические системы и автоматизация процессов
ИНБО-26-23,Графический дизайн и мультимедиа
ИМБО-94-21,Веб-разработка и интерфейсный дизайн
ИМБО-60-23,Программирование и разработка на языке Java
ИЛБО-86-23,Графический дизайн и мультимедиа
ИНБО-80-23,Разработка робототехнических систем и искусственный интеллект
ИЛБО-41-23,Киберфизические системы и автоматизация процессов
ИМБО-73-20,Автоматизация тестирования и DevOps
ИМБО-60-20,Разработка робототехнических систем и искусственный интеллект
ИЭБО-24-22,Веб-разработка и интерфейсный дизайн
ИМБО-58-23,Сетевые технологии и администрирование сетей
ИЭБО-29-22,Разработка приложений для здравоохранения и медицины
ИВБО-82-23,Интернет вещей (IoT) и умные технологии
ИЭБО-06-23,Автоматизация тестирования и DevOps
ИНБО-92-21,Цифровая трансформация и стратегии бизнеса
ИМБО-51-22,Аналитика данных в бизнесе и финансах
ИКБО-92-20,Киберфизические системы и автоматизация процессов
